1,Entrancing Squad,Irresistible Turtles
1,Hip Outliers,Irresistible Renegades
1,Profound Performers,Elegant Beetles
1,Polished Assassins,Charming Gang
1,Enchanting Bros,Elegant Outliers
1,Graceful Turtles,Unreal Elephants
1,Graceful Bros,Sharp Groupers
1,Shocking Giants,Copacetic Gobstoppers
2,Entrancing Squad,Hip Outliers
2,Irresistible Turtles,Elegant Beetles
2,Charming Gang,Irresistible Renegades
2,Profound Performers,Enchanting Bros
2,Graceful Turtles,Polished Assassins
2,Graceful Bros,Elegant Outliers
2,Unreal Elephants,Copacetic Gobstoppers
2,Shocking Giants,Sharp Groupers
3,Elegant Beetles,Entrancing Squad
3,Charming Gang,Hip Outliers
3,Irresistible Turtles,Enchanting Bros
3,Graceful Turtles,Irresistible Renegades
3,Graceful Bros,Profound Performers
3,Polished Assassins,Copacetic Gobstoppers
3,Shocking Giants,Elegant Outliers
3,Sharp Groupers,Unreal Elephants
4,Entrancing Squad,Charming Gang
4,Elegant Beetles,Enchanting Bros
4,Hip Outliers,Graceful Turtles
4,Graceful Bros,Irresistible Turtles
4,Irresistible Renegades,Copacetic Gobstoppers
4,Shocking Giants,Profound Performers
4,Polished Assassins,Sharp Groupers
4,Elegant Outliers,Unreal Elephants
5,Enchanting Bros,Entrancing Squad
5,Graceful Turtles,Charming Gang
5,Graceful Bros,Elegant Beetles
5,Copacetic Gobstoppers,Hip Outliers
5,Irresistible Turtles,Shocking Giants
5,Irresistible Renegades,Sharp Groupers
5,Unreal Elephants,Profound Performers
5,Elegant Outliers,Polished Assassins
6,Entrancing Squad,Graceful Turtles
6,Graceful Bros,Enchanting Bros
6,Copacetic Gobstoppers,Charming Gang
6,Elegant Beetles,Shocking Giants
6,Hip Outliers,Sharp Groupers
6,Unreal Elephants,Irresistible Turtles
6,Irresistible Renegades,Elegant Outliers
6,Profound Performers,Polished Assassins
7,Graceful Bros,Entrancing Squad
7,Graceful Turtles,Copacetic Gobstoppers
7,Enchanting Bros,Shocking Giants
7,Charming Gang,Sharp Groupers
7,Unreal Elephants,Elegant Beetles
7,Hip Outliers,Elegant Outliers
7,Irresistible Turtles,Polished Assassins
7,Profound Performers,Irresistible Renegades
8,Copacetic Gobstoppers,Entrancing Squad
8,Shocking Giants,Graceful Bros
8,Sharp Groupers,Graceful Turtles
8,Enchanting Bros,Unreal Elephants
8,Elegant Outliers,Charming Gang
8,Elegant Beetles,Polished Assassins
8,Profound Performers,Hip Outliers
8,Irresistible Renegades,Irresistible Turtles
9,Shocking Giants,Entrancing Squad
9,Copacetic Gobstoppers,Sharp Groupers
9,Graceful Bros,Unreal Elephants
9,Elegant Outliers,Graceful Turtles
9,Enchanting Bros,Polished Assassins
9,Charming Gang,Profound Performers
9,Irresistible Renegades,Elegant Beetles
9,Hip Outliers,Irresistible Turtles
10,Entrancing Squad,Sharp Groupers
10,Shocking Giants,Unreal Elephants
10,Elegant Outliers,Copacetic Gobstoppers
10,Polished Assassins,Graceful Bros
10,Profound Performers,Graceful Turtles
10,Irresistible Renegades,Enchanting Bros
10,Irresistible Turtles,Charming Gang
10,Elegant Beetles,Hip Outliers
11,Entrancing Squad,Unreal Elephants
11,Elegant Outliers,Sharp Groupers
11,Polished Assassins,Shocking Giants
11,Profound Performers,Copacetic Gobstoppers
11,Graceful Bros,Irresistible Renegades
11,Graceful Turtles,Irresistible Turtles
11,Hip Outliers,Enchanting Bros
11,Charming Gang,Elegant Beetles
12,Entrancing Squad,Elegant Outliers
12,Polished Assassins,Unreal Elephants
12,Sharp Groupers,Profound Performers
12,Shocking Giants,Irresistible Renegades
12,Copacetic Gobstoppers,Irresistible Turtles
12,Hip Outliers,Graceful Bros
12,Elegant Beetles,Graceful Turtles
12,Enchanting Bros,Charming Gang
13,Polished Assassins,Entrancing Squad
13,Profound Performers,Elegant Outliers
13,Unreal Elephants,Irresistible Renegades
13,Sharp Groupers,Irresistible Turtles
13,Hip Outliers,Shocking Giants
13,Elegant Beetles,Copacetic Gobstoppers
13,Charming Gang,Graceful Bros
13,Enchanting Bros,Graceful Turtles
14,Profound Performers,Entrancing Squad
14,Polished Assassins,Irresistible Renegades
14,Irresistible Turtles,Elegant Outliers
14,Hip Outliers,Unreal Elephants
14,Sharp Groupers,Elegant Beetles
14,Shocking Giants,Charming Gang
14,Enchanting Bros,Copacetic Gobstoppers
14,Graceful Bros,Graceful Turtles
15,Entrancing Squad,Irresistible Renegades
15,Profound Performers,Irresistible Turtles
15,Hip Outliers,Polished Assassins
15,Elegant Outliers,Elegant Beetles
15,Charming Gang,Unreal Elephants
15,Sharp Groupers,Enchanting Bros
15,Shocking Giants,Graceful Turtles
15,Graceful Bros,Copacetic Gobstoppers
16,Copacetic Gobstoppers,Entrancing Squad
16,Shocking Giants,Graceful Bros
16,Sharp Groupers,Graceful Turtles
16,Enchanting Bros,Unreal Elephants
16,Elegant Outliers,Charming Gang
16,Elegant Beetles,Polished Assassins
16,Profound Performers,Hip Outliers
16,Irresistible Renegades,Irresistible Turtles
17,Entrancing Squad,Charming Gang
17,Elegant Beetles,Enchanting Bros
17,Hip Outliers,Graceful Turtles
17,Graceful Bros,Irresistible Turtles
17,Irresistible Renegades,Copacetic Gobstoppers
17,Shocking Giants,Profound Performers
17,Polished Assassins,Sharp Groupers
17,Elegant Outliers,Unreal Elephants
18,Shocking Giants,Entrancing Squad
18,Copacetic Gobstoppers,Sharp Groupers
18,Graceful Bros,Unreal Elephants
18,Elegant Outliers,Graceful Turtles
18,Enchanting Bros,Polished Assassins
18,Charming Gang,Profound Performers
18,Irresistible Renegades,Elegant Beetles
18,Hip Outliers,Irresistible Turtles
19,Elegant Beetles,Entrancing Squad
19,Charming Gang,Hip Outliers
19,Irresistible Turtles,Enchanting Bros
19,Graceful Turtles,Irresistible Renegades
19,Graceful Bros,Profound Performers
19,Polished Assassins,Copacetic Gobstoppers
19,Shocking Giants,Elegant Outliers
19,Sharp Groupers,Unreal Elephants
20,Entrancing Squad,Graceful Turtles
20,Graceful Bros,Enchanting Bros
20,Copacetic Gobstoppers,Charming Gang
20,Elegant Beetles,Shocking Giants
20,Hip Outliers,Sharp Groupers
20,Unreal Elephants,Irresistible Turtles
20,Irresistible Renegades,Elegant Outliers
20,Profound Performers,Polished Assassins
21,Enchanting Bros,Entrancing Squad
21,Graceful Turtles,Charming Gang
21,Graceful Bros,Elegant Beetles
21,Copacetic Gobstoppers,Hip Outliers
21,Irresistible Turtles,Shocking Giants
21,Irresistible Renegades,Sharp Groupers
21,Unreal Elephants,Profound Performers
21,Elegant Outliers,Polished Assassins
22,Profound Performers,Entrancing Squad
22,Polished Assassins,Irresistible Renegades
22,Irresistible Turtles,Elegant Outliers
22,Hip Outliers,Unreal Elephants
22,Sharp Groupers,Elegant Beetles
22,Shocking Giants,Charming Gang
22,Enchanting Bros,Copacetic Gobstoppers
22,Graceful Bros,Graceful Turtles
23,Entrancing Squad,Unreal Elephants
23,Elegant Outliers,Sharp Groupers
23,Polished Assassins,Shocking Giants
23,Profound Performers,Copacetic Gobstoppers
23,Graceful Bros,Irresistible Renegades
23,Graceful Turtles,Irresistible Turtles
23,Hip Outliers,Enchanting Bros
23,Charming Gang,Elegant Beetles
24,Entrancing Squad,Irresistible Renegades
24,Profound Performers,Irresistible Turtles
24,Hip Outliers,Polished Assassins
24,Elegant Outliers,Elegant Beetles
24,Charming Gang,Unreal Elephants
24,Sharp Groupers,Enchanting Bros
24,Shocking Giants,Graceful Turtles
24,Graceful Bros,Copacetic Gobstoppers
25,Entrancing Squad,Sharp Groupers
25,Shocking Giants,Unreal Elephants
25,Elegant Outliers,Copacetic Gobstoppers
25,Polished Assassins,Graceful Bros
25,Profound Performers,Graceful Turtles
25,Irresistible Renegades,Enchanting Bros
25,Irresistible Turtles,Charming Gang
25,Elegant Beetles,Hip Outliers
26,Entrancing Squad,Elegant Outliers
26,Polished Assassins,Unreal Elephants
26,Sharp Groupers,Profound Performers
26,Shocking Giants,Irresistible Renegades
26,Copacetic Gobstoppers,Irresistible Turtles
26,Hip Outliers,Graceful Bros
26,Elegant Beetles,Graceful Turtles
26,Enchanting Bros,Charming Gang
27,Entrancing Squad,Hip Outliers
27,Irresistible Turtles,Elegant Beetles
27,Charming Gang,Irresistible Renegades
27,Profound Performers,Enchanting Bros
27,Graceful Turtles,Polished Assassins
27,Graceful Bros,Elegant Outliers
27,Unreal Elephants,Copacetic Gobstoppers
27,Shocking Giants,Sharp Groupers
28,Graceful Bros,Entrancing Squad
28,Graceful Turtles,Copacetic Gobstoppers
28,Enchanting Bros,Shocking Giants
28,Charming Gang,Sharp Groupers
28,Unreal Elephants,Elegant Beetles
28,Hip Outliers,Elegant Outliers
28,Irresistible Turtles,Polished Assassins
28,Profound Performers,Irresistible Renegades
29,Entrancing Squad,Irresistible Turtles
29,Hip Outliers,Irresistible Renegades
29,Profound Performers,Elegant Beetles
29,Polished Assassins,Charming Gang
29,Enchanting Bros,Elegant Outliers
29,Graceful Turtles,Unreal Elephants
29,Graceful Bros,Sharp Groupers
29,Shocking Giants,Copacetic Gobstoppers
30,Polished Assassins,Entrancing Squad
30,Profound Performers,Elegant Outliers
30,Unreal Elephants,Irresistible Renegades
30,Sharp Groupers,Irresistible Turtles
30,Hip Outliers,Shocking Giants
30,Elegant Beetles,Copacetic Gobstoppers
30,Charming Gang,Graceful Bros
30,Enchanting Bros,Graceful Turtles
